file,output,timestamp
.gradio\flagged\file\e3bd13bde9ff73b3443e\titanic_ dataset_final.csv," The dataset provided appears to be a summary statistic of the Titanic passenger data, commonly used in machine learning and data analysis projects. Here's a brief analysis of the summary statistics:

1. **PassengerId**: This column is not included in the summary statistics since it is an index that was probably dropped during preprocessing.

2. **Survived**: The mean value for this variable is 0.3838, indicating that slightly less than half of the passengers survived (0.3838 * 100 = 38.38%). The median value is 0, which suggests that there was an equal number of survivors and non-survivors if the dataset were sorted by survival status.

3. **Pclass**: The mean Pclass value is 2.3086, suggesting that a majority of passengers traveled in third class (the lowest class). The median value is 3, which implies that there was an equal number of first, second, and third-class passengers if the dataset were sorted by Pclass.

4. **Age**: The mean age of passengers is 29.6991 years, with a standard deviation of 14.5265. This suggests a wide range in passenger ages, which can be seen from the minimum and maximum values (0.42 and 80 years).

5. **SibSp**: The mean number of siblings or spouses aboard the Titanic is 0.523, with a standard deviation of 1.1027. This indicates that a significant number of passengers did not travel with any family members (considering siblings or spouses).

6. **Parch**: The mean number of parents/children aboard the Titanic is 0.3816, with a standard deviation of 0.8061. This suggests that a majority of passengers did not travel with any parents or children.

7. **Fare**: The mean fare is 32.2042, with a standard deviation of 49.6934. This indicates a wide range in ticket prices, as shown by the minimum and maximum values (0.00 and 512.33).

In summary, this dataset suggests that a majority of passengers traveled in third class, were younger adults, did not travel with many family members, and paid relatively lower fares. Additionally, there was a significant imbalance between the number of survivors and non-survivors, as expected from the sinking of the Titanic.",2026-08-15 12:57:49.272196
.gradio\flagged\file\3353d33caeca1e5f5eff\titanic_ dataset_final.csv," The dataset provided appears to be a summary statistic of the Titanic passenger data, commonly used in machine learning and data analysis projects. Here's a brief analysis of the summary statistics:

1. **PassengerId**: This column is not included in the summary statistics since it is an index that was probably dropped during preprocessing.

2. **Survived**: The mean value for this variable is 0.3838, indicating that slightly less than half of the passengers survived (0.3838 * 100 = 38.38%). The median value is 0, which suggests that there was an equal number of survivors and non-survivors if the dataset were sorted by survival status.

3. **Pclass**: The mean Pclass value is 2.3086, suggesting that a majority of passengers traveled in third class (the lowest class). The median value is 3, which implies that there was an equal number of first, second, and third-class passengers if the dataset were sorted by Pclass.

4. **Age**: The mean age of passengers is 29.6991 years, with a standard deviation of 14.5265. This suggests a wide range in passenger ages, which can be seen from the minimum and maximum values (0.42 and 80 years).

5. **SibSp**: The mean number of siblings or spouses aboard the Titanic is 0.523, with a standard deviation of 1.1027. This indicates that a significant number of passengers did not travel with any family members (considering siblings or spouses).

6. **Parch**: The mean number of parents/children aboard the Titanic is 0.3816, with a standard deviation of 0.8061. This suggests that a majority of passengers did not travel with any parents or children.

7. **Fare**: The mean fare is 32.2042, with a standard deviation of 49.6934. This indicates a wide range in ticket prices, as shown by the minimum and maximum values (0.00 and 512.33).

In summary, this dataset suggests that a majority of passengers traveled in third class, were younger adults, did not travel with many family members, and paid relatively lower fares. Additionally, there was a significant imbalance between the number of survivors and non-survivors, as expected from the sinking of the Titanic.",2026-08-15 12:57:59.018063
